Hotel Name,Address,Area,City,District,State,Pincode,Latitude,Longitude
Aloka Stay Inn,"C8 & C9, TNHB, Phase - I, Arcot Road",SATHUVACHARI,Vellore,VELLORE,Tamil Nadu,632009,12.937794299999997,79.16519890000001
Kurinji Amaze Farmstay," Forest Cliff drive",KURINJI ANDAVAR KOIL,Kodaikanal,DINDIGUL,Tamil Nadu,624101,10.25430499367021,77.49535643558218
Azza Heritage Home,"Darusalam road, kochangadi",CHULLICKAL,Ernakulam,ERNAKULAM,Kerala,682002,9.950206251574794,76.25989834603017
Pyolliv Chennai Thiruvallur,"180/14 Thiruvallur -Uthukottai Road, Gopalapuram",J.N ROAD,Thiruvallur,Tiruvallur,Tamil Nadu,602001,13.135982614623885,79.90841630583718
S K Residency," 922/923, 1st Main Road",KORAMANGALA,Bangalore,BENGALURU,Karnataka,560034,12.92982595445061," 77.63393085582076"
Grand Continent Hotels,"Sy. 74, ITPL Main Rd, near BEML Layout",BROOKEFIELD,Bangalore,BENGALURU,Karnataka,560037,12.961284937532442,77.71766397301208
Ayyans Park Inn,"1/222,Rajaji Salai",PUDUPAKKAM,Chennai,CHENNAI,Tamil Nadu,603103,12.808945249408252,80.19894708650854
Le Grace Kovalam,"Philip Garden, Plot No-4, Padavattamman Kovil St",THIRUVIDANTHAI,Chennai,CHENNAI,Tamil Nadu,603112,12.781265390319561,80.2525327485577
Coastal Inn,"12-11/1, Gygolupadu",EAST GODAVARI,Kakinada,KAKINADA,Andhra Pradesh,533005,16.99657742382545,82.23141049794106
Padma Priya A/C Residency ,"Palnadu Road,State Highway 89 ,near RTC bus stand ",GUNTUR,Vinukonda,GUNTUR,Andhra Pradesh,522647,16.053949020860774,79.73960509999999
Hotel Bashyam Park,"93+MFV, NO.181/1 Bypass road, Nenmeli ",SRIPERUMBUDUR,Chennai,KANCHIPURAM,Tamil Nadu,602105,12.969284213628496,79.95372199325345
" Kosher Livings Holiday"," Kosher Livings Holiday, Kalpetta Bypass Road",KALPETTA,Kalpetta,WAYANAD,Kerala,673121,11.623456722370255,76.08891045155681
Hotel Sudha Inn LLP,"111, Poonamallee High Road",EGMORE,Chennai,CHENNAI,Tamil Nadu,600084,13.078899936701237," 80.25558946803316"
Hotel Shivan,"122A/1 Mahatma Gandhi Road, Gingee",GINGEE,Villupuram,Villupuram,Tamil Nadu,604202,12.25397094576875,79.41704484232686
Hotel Withinn ,"12th Main Rd, A.K.Colony, Gokula 1st Stage",MATHIKERE,Bangalore,BENGALURU,Karnataka,560054,13.031139845105965,77.56299314418133
Sea Bliss,BMR road,MUTTUKADU,Chennai,CHENGALPATTU,Tamil Nadu,603112,12.834031039963518,80.24113815149873
Krishna Exotica 5bhk,"Block No. A4, Dona Terezinha hotel",GAVRAWADA,Calangute,GOA,Goa,403516,15.535161869092052,73.7645882441809
Pastel Green,"Highcliff 201, 2nd floor, Hiranandani Parks",ORAGADAM,Chennai,KANCHIPURAM,Tamil Nadu,603204,12.814031387648042,79.95723170043223
Sparrows Residency,Sparrows Residency School-kavala,KATTAPPANA,Idukki,IDUKKI,Kerala,685508,9.747976110406382," 77.1052198046746"
Hotel Chitra,"No 63/1, Karuru Byepass Road",TRICHY,Trichy,TIRUCHIRAPPALLI,Tamil Nadu,620002,10.83378048898158,78.69303319814905
Ammayi Hotel Resorts,"208, Chennai Road, Tiruvannamalai",NOCHIMALAI,Tiruvannamalai,TIRUVANNAMALAI,Tamil Nadu,606601,12.235223683998864,79.08986063032414
Hotel RJ Grand,"NO: 48, TV Samy Road West",R.S. PURAM,Coimbatore,COIMBATORE,Tamil Nadu,641002,11.009826277222695,76.94943960430238
Kolu Group of Houseboats,"Ghat No 13, Boulevard Road, Dal Lake",BOULEVARD ROAD,Srinagar,SRINAGAR,Jammu And Kashmir,190001,34.09014960145604,74.84201394232821
Py Stays Navaratna Delight,"253, E TV Swamy Rd",R.S. PURAM,Coimbatore,Coimbatore,Tamil Nadu,641002,11.011120363810106,76.95468201349244
Regenta Inn,"Tulip Gardens, Itc Factory, No.15, Down Town Park",SADAHALLI,Bangalore,BENGALURU,Karnataka,562157,13.191976954295493,77.6456608
Krishna Exotica 8bhk,"Block No. A4, Dona Terezinha hotel",GAVRAWADA,Calangute,GOA,Goa,403516,15.535161869092052,73.7645882441809
The Dolphin Park Hotel,"Next AP Super Market, 1/4B,Vembuliamman Koil St",VIRUGAMBAKKAM,Chennai,CHENNAI,Tamil Nadu,600078,13.045732730884694," 80.18917684232831"
Coolspot Cottage,123/L Vijayanagaram Palace Road,ROSE GARDEN,OOTY,NILGIRIS (OOTY),Tamil Nadu,643001,11.403905465952887,76.7118430423283
Redfox Hotel,"177/72, DR MGR Salai, Parthsarathy Puram",T. NAGAR,CHENNAI,CHENNAI,Tamil Nadu,600017,13.053818144308963,80.23315419617913
VR Lodge,"Plot 2 Kayamkulam, Pathanapuram Road Mavelikkara",NOORANAD,Alappuzha,ALAPPUZHA,Kerala,690504,9.175814297197164,76.63788618465661
Hotel Grand Parkway,"10, Durai Sami Reddy Street",WEST TAMBARAM,CHENNAI,CHENNAI,Tamil Nadu,600045,12.929770057984085,80.11976852883618
Delma Residency,"Palayam Bus stand, MM Ali Rd",PALAYAM,Kozhikode,KOZHIKODE,Kerala,673001,11.250888105085297,75.7837158
Hotel Radhe Pride Hitech City," SYNO 11/11 11/12 11/13 PNO 893",KHANAMET VILLAGE,Hyderabad,RANGAREDDY,Telangana,500081,17.450089184152084,78.39199915767236
Azza Home,"Darusalam Road, Kochangadi",KOCHI,Ernakulam,ERNAKULAM,Kerala,682002,9.950213659185854,76.25974293796219
Prince Park,"83, Arcot Rd, Phase 2",SATHUVACHARI,Vellore,VELLORE,Tamil Nadu,632012,12.935386805203024,79.15497645582224
Hotel AJ Park,Hotel AJ Park,KERALA,Alappuzha,ALAPPUZHA,Kerala,688001,9.492446095541215,76.33408707040581
RD Hotels HSR,"No.38, 2, Sarjapur - Marathahalli Rd",KORAMANGALA,Bangalore,BENGALURU,Karnataka,560034,12.924192237130525," 77.63982078928018"
Hotel ACS Inn,"B-09, First Floor, Viswadass, Poongothai Nagar",SARAVANAMPATTI,Coimbatore,COIMBATORE,Tamil Nadu,641035,11.100262628113816,76.99050630678221
Amaran Hotels,"Plot No.16, Thirumala Towers",UTHANGUDI,Madurai,Madurai,Tamil Nadu,625106,9.945693733084111,78.16490422208909
Milan Guest house,"Milan Guest house, Opposite Fishermans wharf restaurant",WADDO,Calangute,GOA,Goa,403516,15.532726772765036,73.83531157235942
West Park Villa,"Villa No A 22,Ocean Drive Villas, Sulerikadu",VADANEMELLI,Chennai,CHENNAI,Tamil Nadu,603104,12.716874546419755,80.21892012147646
Redstone Service Apartment,"159-65, DR MGR Salai, Parthsarathy Puram",T NAGAR,CHENNAI,CHENNAI,Tamil Nadu,600017,13.053630822611277,80.23401067116383
Le Grace Anna Nagar,"No 4, North West street, Deputy Collector Colony",ANNA NAGAR,Madurai,Madurai,Tamil Nadu,625020,9.930224316070346,78.14862769411275
Saimax House,"No 121, Pernem",AGARWAD,Morjim,GOA,Goa,403512,15.632341451491254,73.7411171716474
Sri Krish Hotel,Ganapathi Nagar,WALAJAPET,Vellore,VELLORE,Tamil Nadu,632513,12.926216524031558,79.37889945767171
Breezy Bay 5BHK Villa,"SH49, Kovalam Road",NEMELLI,Chennai,CHENNAI,Tamil Nadu,603104,12.690547157275413,80.21967639592269
J Castle,"7, Madhuban Layout",VADANEMELLI,Chennai,CHENGALPATTU,Tamil Nadu,603104,12.737642935361537,80.23785957650622
Celestial Beach House,Venpurusham Village,MAHABALIPURAM,Chennai,CHENNAI,Tamil Nadu,603104,12.60071674390506,80.18951005475385
Skyry Hotels T Nagar,"25B, S Boag Rd, Amudham Colony",T.NAGAR,Chennai,CHENNAI,Tamil Nadu,600017,13.032580251089732,80.23943057116382
Redfox Hotel,"36 1st floor, Josier St, Tirumurthy Nagar",NUNGAMBAKKAM,Chennai,CHENNAI,Tamil Nadu,600034,13.055374074240513,80.24557937116381
Foxoso Fiori Hotel,"89-91 Shalimar Bagh, Chitarkoot Marg, Ajmer Rd",AJMER,Jaipur,JAIPUR,Rajasthan,302019,26.894010848115602,75.73911255767268
Dvaraka Inn," Site No. 1864, 5th Block, 1st Stage",HBR LAYOUT,Bangalore,BENGALURU,Karnataka,560043,13.037953432493262,77.62695210786818
GT Residency,"No 10/16, Maharajapuram Santhanam Salai",T. NAGAR,Chennai,CHENNAI,Tamil Nadu,600017,13.043110980613172,80.23095008835847
Le Grace Residency Madurai," 4/32, 80 Feet Rd, Deputy Collector Colony",KK NAGAR,Madurai,Madurai,Tamil Nadu,625020,9.936632867657602,78.14792530735608
Hotel Vinayak,"No - 61, Geetha Hall Road",GOPALAPURAM,Coimbatore,COIMBATORE,Tamil Nadu,641018,10.997962318745621,76.96977304217842
Redfox Signature Cinemascope Hotel,"343, Anna Salai Rd",PALAVAKKAM,Chennai,CHENNAI,Tamil Nadu,600041,12.96070878326413,80.26097627116383
YoYo Retreat Vagator,"H.NO.1656/2S-No 250/0 Deul Waddo Vagator,Goa",VAGATOR,Mapusa,GOA,Goa,403509,15.596695328636608,73.74871094196223
Sri Sakthi Vinayagar Residency,"No. 8/9H, SLV Nagar",SULUR,COIMBATORE,COIMBATORE,Tamil Nadu,641402,11.030576383028032,77.12998247983971
Hotel Tawfeeq Palace,"No 9, MLS Nagar, Madhakottai Rd",ANNAI SATHYA NAGAR,Thanjavur,THANJAVUR,Tamil Nadu,613005,10.749700100414184,79.12712291534471
Skye Serviced Apartments,"Plot No:1,2,Karpagambal Second Street, Ramapuram",PORUR,Chennai,CHENNAI,Tamil Nadu,600089,13.031119084301087,80.18752992193613
Mehar Beach House 3BHK Villa,"No.1, Ansari Nagar",KOVALAM,Chennai,CHENNAI,Tamil Nadu,603112,12.78976336606856,80.25353290779132
Leela Cottages,"Ashwem Beach, Morjim road",MANDREM,Morjim,GOA,Goa,403512,15.642169708820537,73.71938063531258
Hotel Parkway Inn,99/2-2A2 Kazhipattur,SIRUSERI,CHENNAI,CHENNAI,Tamil Nadu,603103,12.823841504991185,80.23092365713185
Le Grace Beachview,"Plot No 7, Philips Thottam",KOVALAM,Chennai,Kanchipuram,Tamil Nadu,603112,12.78130923244929,80.25258024417859
The Lake House,"5/82,A2, Rifle Range Road",NAIDUPURAM,Kodaikanal,DINDIGUL,Tamil Nadu,624101,10.246852952008023,77.48321953558218
Redstone Hotel,"42,Valluvar Kottam High Rd, Ponnangipuram",NUNGAMBAKKAM,CHENNAI,CHENNAI,Tamil Nadu,600034,13.061576274371731,80.24327594232764
Alorah Beach House,"2/271, Uthandi",KANATHUR,Chennai,CHENGALPATTU,Tamil Nadu,600119,12.86648874901706,80.24488845692467
Hill Street Service Apartments,"8-2-268/14/c/564, Venkateshwara Nagar",AURORA COLONY,Hyderabad,HYDERABAD,Telangana,500034,17.433310157302824,78.43642514571374
Grand Continent Hotel,"Ward No.3, 74/15, Bagalur Rd",AVALAPALLI,Hosur,KRISHNAGIRI,Tamil Nadu,635109,12.739092603494457,77.83202605767067
Karishma Homes,"6-3-1219/1, Uma Nagar, Street Number 1",BEGUMPET,Hyderabad,HYDERABAD,Telangana,500016,17.438140441631756,78.45894175160723
Sunrise Castle Service Apartments,2-91/7/11 Swarna Sai Sannidi,KONDAPUR,Hyderabad,HYDERABAD,Telangana,500084,17.45624502676962,78.3662213725028
Rayyan Residency,"NO:93,SKB Complex,ECR Road",PUDUPATINAM,Chengalpattu,CHENGALPATTU,Tamil Nadu,603102,12.498024482618776,80.14308098465814
Villa De OMR,"200, 7th Street, Right, Srinivasa Nagar Main Rd",SIRUSERI,Chennai,CHENNAI,Tamil Nadu,603103,12.818289746157868,80.2213614644144
Palozhukumpara waterfall resort ,Kavakkulam puthuval,ELAPPARA,Idukki,IDUKKI,Kerala,685501,9.647251999483654,76.94690977301761
Blossom Bay,BMR road,MUTTUKADU,Chennai,CHENGALPATTU,Tamil Nadu,603112,12.834031039963518,80.24113815149873
Skyry Hotels Singanallur,"No.6A, RVL Nagar 2, Upplipalayam post Kamarajar road, Neelikonampalayam Main Rd, near Karthika, Singanallur, Coimbatore, Tamil Nadu ",SINGANALLUR,Coimbatore,COIMBATORE,Tamil Nadu,641015,11.019031642519765,77.02419420404746
Grand Continent Hotel,"8-1-2/3, Oxford Street",SHIVAJI NAGAR,Secunderabad,HYDERABAD,Telangana,500003,17.44087720106135,78.4974834423293
Curlie's Yellow House ," 144/b, St. Micheal, Monteiro Vaddo ",ANJUNA,Vagator,GOA,Goa,403509,15.57051036959136,73.74458788650855
Regenta Inn,"648/B, Binnamangala, Indira Nagar 1st Stage",INDIRANAGAR,Bangalore,BENGALURU,Karnataka,560038,12.98318772780615,77.64014912883533
Hotel Krishna's Residency,"6-2-1/2, Madina Masjid road",LAKDIKAPUL,Hyderabad,HYDERABAD,Telangana,500004,17.40386816080255,78.46310985767144
Hotel Elite,No:80A,THANGACHI MADAM,Rameswaram,RAMANATHAPURAM,Tamil Nadu,623526,9.286838258392663,79.30218964232819
Raga Residency,Puthiyidom Park Junction Road,KAYAMKULAM,Kayankulam,ALAPPUZHA,Kerala,690502,9.171200338019736,76.50123467055212
Hill Bird Home Stay,"6B, Funcity Junction",THALAYATHIMUND,Ooty,NILGIRIS (OOTY),Tamil Nadu,643215,11.397826741375574,76.7206892711638
Saarang Forever,"36,Ratna forever,1st cross,Model Colony",YASHWANTHPUR,Bangalore,BENGALURU,Karnataka,560022,13.021101115093797,77.55548312883533
Green Palace Inn,"8/13 2nd Street, Senthil Nagar",CHOOLAIMEDU,Chennai,CHENNAI,Tamil Nadu,600094,13.060899364763385,80.21236669508886
Hotel Anmol Continental,5-9-20/A,SAIFABAD,Hyderabad,HYDERABAD,Telangana,500022,17.417059515787702,78.4713021530568
Golden Tulip,"20, Tirumala Bypass Rd,Srinivasa Nagar",KAPILATHEERTHAM,Tirupati,TIRUPATI,Andhra Pradesh,517507,13.653327205754183,79.42164727301207
Time Palace Residency,NO:539,LOWER BAZAR,OOTY,NILGIRIS (OOTY),Tamil Nadu,643001,11.403952792122976,76.69928637298004
Ocean Wonders,Ocean Ave 1,MARAKKANAM,Chengalpattu,CHENGALPATTU,Tamil Nadu,604303,12.152753278601631,79.94104431932456
Redfox Service Apartment,"Plot No. 2B, Devaraj St, VGN Lakshmi Nagar",MUGALIVAKKAM,Chennai,CHENNAI,Tamil Nadu,600125,13.016142267068025,80.15897056692427
Lariviera Suites,"Plot No 19, Brundavan Colony",MADHAPUR,Hyderabad,HYDERABAD,Telangana,500081,17.437792027021096,78.38967585767143
GT Service Apartment,"46, Mount Poonamallee Rd",NANDAMBAKKAM,Chennai,CHENNAI,Tamil Nadu,600089,13.01532029579853,80.19232723891032
SH Villa,"JG4M, P39, Choottuveli, Kumaranalloor",VEMPALLY,Kottayam,KOTTAYAM,Kerala,686006,9.606933856716447," 76.53245710185327"
Coastal Suites,"1-137/81, Gokul Gardens",RAMANAYAPETA,Kakinada,KAKINADA,Andhra Pradesh,533005,17.020527488823653,82.25242949631021
Hazel Inn Manyata,"4th cross, St Ann’s Church Rd",JAKKUR,Bangalore,BENGALURU,Karnataka,560077,13.062243801513421,77.62345544232747
Varna Beach Residency ,"21,Alappuzha beach road, Allepy",KUNNUMPURAM,Alappuzha,ALAPPUZHA,Kerala,688012,9.483540070840798,76.32189940318789
Boss Beach Resort,"13, 11th Ave",PANAIYUR,Chennai,CHENNAI,Tamil Nadu,600119,12.880620737396015,80.25060971334236
Helios Villa,"11, 1st east cross street, Aroma Gardens",BOMMAYAPALAYAM,Auroville,PUDUCHERRY,Tamil Nadu,605101,11.989853988149585,79.81041125889811
Adams Cottage,"Chullickal Rd, opposite Wild Fish",PANAYAPPILLY,Ernakulam,ERNAKULAM,Kerala,682005,9.945136506788574,76.25822438465492
The Alphabet Hotel,"1-51/192/2, Masjid Banda",KONDAPUR,Hyderabad,HYDERABAD,Telangana,500084,17.465178704597847,78.34585238650716
P A Resort,"350/2G, 350/2B1",KOTTAIYUR,Yelagiri,TIRUPATHUR,Tamil Nadu,635853,12.596045997958969,78.63157813669088
The Imperial Stay,"H. No 6, 3-668/10/77&78/2, Durga nagar Colony",SOMAJIGUDA,Hyderabad,HYDERABAD,Telangana,500084,17.42573587434362,78.4552485
Hotel Panchsheel Crown,"No 54-1-20& 54-1-22,Pragati Garden Badhe",MUNDHWA,Pune,PUNE,Maharashtra,411036,18.530200420820496,73.93440792883634
Hotel GT Galaxy,"No 11, Woods Rd, Padupakkam ",ROYAPETTAH,Chennai,CHENNAI,Tamil Nadu,600002,13.059495821572009,80.26559738465662
Hotel Grand Plazza,"58, Geetha Hall Road",GOPALAPURAM,Coimbatore,COIMBATORE,Tamil Nadu,641018,10.998102771731027,76.96973404652572
Villa Mini Luxor,"V7Q2+JVP, 10th Ave, MGR Rd",PANAIYUR,Chennai,CHENNAI,Tamil Nadu,600119,12.889491203660645,80.25270407504033
4 U Business Class Hotel,17 VV Koil Street,PERIAMET,Chennai,CHENNAI,Tamil Nadu,600003,13.081590183897422,80.27034077301433
Hotel City Park,"No.155, New ,161-162, 3rd Street Cross cut",GANDHIPURAM,Coimbatore,COIMBATORE,Tamil Nadu,641012,11.017722193251318,76.96843988650754
Elite Square,"Kamaraj Nagar, Sri Vijaya Puram",PORTHRAPUR,Port Blair,SOUTH ANDAMAN,Andaman And Nicobar Islands,744105,11.612717733207287,92.7261520115356
Hotel Velan View,"No.112,South Anna Nagar,",PALANI ADIVARAM,Palani,DINDIGUL,Tamil Nadu,624601,10.441622933869162,77.52270777021714
Hotel Virat Elite,"Sree Sai Kutir,12-1-468/12/A",NAGOLE,HYDERABAD,HYDERABAD,Telangana,500068,17.367512914080205,78.5804602558191
Skye Serviced Apartments,"26, 26 Arunasalem 1st St, Kothari Nagar",RAMAPURAM,Chennai,CHENNAI,Tamil Nadu,600089,13.036113199999997,80.18479466931322
Eco House Boat,"Kandathil House,Punnamada",CHEMPANTHARA,Alappuzha,ALAPPUZHA,Kerala,688006,9.529382258340647,76.35458115338069
Rithu's Inn," 3/6/7, NILAVOOR RD",CHELLA THOPPU,Yelagiri,TIRUPATHUR,Tamil Nadu,635853,12.58070559051198,78.65034250674653
Lush Garden Resort 5,Panchayat road,THIRUVIDANTHAI,Chennai,KANCHIPURAM,Tamil Nadu,603112,12.775544246047946,80.24455687054541
Boutique Villa,"Boutique Villa, Padavattaman Kovil Street",KOVALAM,Chennai,CHENNAI,Tamil Nadu,603112,12.788483410745368,80.2497907288359
Broholic hotel,"NY Enclave, Survey No.91,Plot No 21",GACHIBOWLI,Hyderabad,HYDERABAD,Telangana,500032,17.430290130131922,78.37127199917488
King Castle,"2/212, Dargah Rd",KOVALAM,Chennai,CHENGALPATTU,Tamil Nadu,522006,12.786141008956392,80.24791716474475
Grand Continent Hotel,"No.18 & 19, 1st Cross",MALLESHWARAM,Bangalore,BENGALURU,Karnataka,560003,12.99438067131022,77.57246247116464
Country club Lee Crysstal,"2/212, Kovalam Dargah Main Road",KOVALAM,Chennai,CHENNAI,Tamil Nadu,603112,12.786558129169931,80.24821199722932
Grand Continent Hotels,"Gate No.15, Down Town Park,Sadahalli Road",SADAHALLI,Bangalore,BENGALURU,Karnataka,562157,13.191866911628045,77.64570505767068
Grand Continent Hotel,Shalivahana Road,NAZARBAD,Mysuru,MYSURU,Karnataka,570010,12.30910219619428,76.6636601
Le Grace Residency,"12, East",PANDIAN NAGAR,Madurai,MADURAI,Tamil Nadu,625020,9.934509848574507,78.1670251737282
Green Grande Inn,"21/113 Periyar Pathai,Jawaharlal Nehru Salai",CHOOLAIMEDU,Chennai,CHENNAI,Tamil Nadu,600094,13.058721999999362,80.21177340000189
Micro 1 Villa,"Micro villas, Nemmeli",VADANEMMELI,Chennai,CHENNAI,Tamil Nadu,603104,12.714832547740697,80.2204502711641
Lake View Resort,Q63Q+MQH,KOVALAM,Chennai,CHENNAI,Tamil Nadu,603112,12.754223881238515,80.23932739235342
Hill Grove By Brown Tree Resorts,"205, Thiyagai Boomi",THEETUKAL,Ooty,NILGIRIS (OOTY),Tamil Nadu,643006,11.40152903753466,76.66569513178175
Hotel Apple grand,"09,312, 4th St Ext",GANDHIPURAM,Coimbatore,COIMBATORE,Tamil Nadu,641012,11.021663981978955,76.96752309578946
Issacs Hotel Regency,"Opp to Aiswarya Theatre, Sulthan Bathery",SULTHAN BATHERY,Wayanad,WAYANAD,Kerala,673592,11.66247337346177,76.25633961425449
Micro 2 Villa,"Micro villas, Nemmeli",VADANEMMELI,Chennai,CHENNAI,Tamil Nadu,603104,12.714655655387586,80.22047359314713
Lavish Homestay 2,"Lavish Stay 2, No.61,Bharathi Nagar",KOTTAKUPPAM,Pondicherry,PUDUCHERRY,Puducherry,605104,11.968360166352372,79.84019483437004
Moon Shine Cottage,"No:29, Heaven Hills Campus",WOOD COCK ROAD,Ooty,NILGIRIS (OOTY),Tamil Nadu,643001,11.409411688771394,76.68662762516375
Foxoso Aaristo Baga Beach Resort,"7/36, Tito's Ln",CALANGUTE,North Goa,GOA,Goa,403516,15.557239726360141,73.75205177116365
MMR Grand Inn,"202 - C, Patna House Rd",FERN HILL,Ooty,NILGIRIS (OOTY),Tamil Nadu,643001,11.398773993086305,76.698254776535
Bamboo Hideout Villa,"No. 120, Plot No : 165, Seekinankuppam post",CHEYYUR,Chennai,CHENNAI,Tamil Nadu,603305,12.368511737675776,80.07863099971797
Sukh Palace,109 dk annexe,GEHUN KHEDA,Bhopal,BHOPAL,Madhya Pradesh,462042,23.17727272723277,77.4195771
Aayu Homes ,"H.No 484/11,Flat B3G1,Aldeia Portuguesa Residence",VAGATOR,North Goa,GOA,Goa,403509,15.59953305880382,73.74172943532737
Le Grace Residency (Park Town),"Park Town, Thabaal Thanthi Nagar",BAMA NAGAR,Madurai,MADURAI,Tamil Nadu,625017,9.965751113764403,78.12652400651852
GT Empire Hotel,"No 3/81, Valluvar Salai, Ramapuram",NESAPAKKAM,Chennai,CHENNAI,Tamil Nadu,600089,13.03662189400255," 80.1837527"
CS Holiday Villa,"(1D), 20/2",ST MARY'S ROAD,Kodaikanal,DINDIGUL,Tamil Nadu,624101,10.22411097747013,77.48553665119388
Bhyrava Cottage,"192/B, Westbury Road",MYSORE ROAD,Ooty,NILGIRIS (OOTY),Tamil Nadu,643001,11.413154663222805,76.69599233189705
J J Residency,"445,BEML 7th stage, Global Village Rd,",MYLASANDRA,Bangalore,BENGALURU,Karnataka,560059,12.945508431139778,77.59665012918875
Nirupama Hotel Aluva,"Janatha Road, PWD quarters",PERIYAR NAGAR,Aluva,ERNAKULAM,Kerala,683101,10.105547295127952,76.36045802269877
La French Villa,"No1 , signature grand ",KOTAKUPPAM,Pondicherry,PUDUCHERRY,Puducherry,605104,11.968703172925554,79.83165824576407
Hotel D Grand,"5th Floor, Reliance Smart Building",KALAVASAL,Madurai,MADURAI,Tamil Nadu,625016,9.929301906123937,78.09551054233039
Hotel City Plaza,"78/4,Old No 12/6 Dr MH Marigowda Road",MADIWALA,Bangalore,BENGALURU,Karnataka,560068,12.923898355269362,77.61822828465661
A Frame House,"Ocean Country, Plot no.4",VADAPATTINAM,Chennai,CHENNAI,Tamil Nadu,603305,12.415677967679013,80.11968011321302
Le Grace Residency,Thondi Rd,MARUTHUPANDIAR NAGAR,Sivaganga,Sivaganga,Tamil Nadu,630561,9.851594344219668,78.49990672294744
R2 Rooms,"NO:1, 151, Post Office Street",THORAIPAKKAM,Chennai,CHENNAI,Tamil Nadu,600097,12.949526850058268,80.23975439223456
Santorini Sunset Villa,"House,No 7, Azure Aquamarine, SH 49",KRISHNANKARANAI,Chennai,CHENNAI,Tamil Nadu,603104,12.69039034745597,80.21939147484511
Peaceful Studios Guest house,"Old Arady, 1411/248",CANDOLIM,Goa,GOA,Goa,403515,15.523020430926492,73.77403747301709
Reddy Salt & Sand Villa,"Pearl Beach, Plot No 20, Ansari Nagar",KOVALAM,Chennai,CHENNAI,Tamil Nadu,603112,12.78648033743224,80.25338089571142
Hotel Shivaals Residency,"#793/1,17th E Main,59th cross,5th Block",RAJAJINAGAR,Bangalore,BENGALURU,Karnataka,560010,12.985898435117317,77.5522898
White Villa,"Ecr, Temple tree, Krishnan karanai",PATTIPULAM,Chennai,CHENGALPATTU,Tamil Nadu,603104,12.690504540865161,80.21981197366334
Hotel Vijay Park,"No-34/1 - A, Polur Road ",MATHALANGULAM,Tiruvannamalai,TIRUVANNAMALAI,Tamil Nadu,606601,12.244909727131972,79.0727785134903
Lavish Homestay 3,"Lavish Stay 3, No.61, Bharathi Nagar",KOTTAKUPPAM,Pondicherry,PUDUCHERRY,Puducherry,605104,11.968360166352372,79.84019483437004
French Beach Villa,"French Beach Villas, Pillayar Koil Street",NEMMELI,Chennai,CHENNAI,Tamil Nadu,603104,12.729708072745671,80.23649862367122
Hotel Radhakrishna,"18, Dhanappa Mudali Street",MADURAI MAIN,Madurai,MADURAI,Tamil Nadu,625001,9.920584504681015,78.11617939737297
Appas Residency,42/C2,AMBALAVAYAL,Wayanad,WAYANAD,Kerala,673593,11.618203460227557,76.21199553964699
De Avalon,"Naika Vaddo, , Calangute, Goa ",CALANGUTE,Goa,GOA,Goa,403516,15.53779259728669,73.76773441349147
Le Grace Residency,"570, Anna Salai, Thiru Vi Ka Kudiyiruppu",TEYNAMPET,Chennai,Chennai,Tamil Nadu,600018,13.056761844239736,80.24815490325385
Hotel Royal Comfort,"1, 2nd Main Road",GANDHI NAGAR,Bangalore,BENGALURU,Karnataka,560009,12.97821736816244,77.57966531349095
Curlies blue house ," 144/c, St Micheal, Vaddo",ANJUNA,Vagator,GOA,Goa,403509,15.570580323805226,73.74440538650853
Grand Continent Hotel,"Venpurusham village road, Five Rathas Road",MAHABALIPURAM,Chennai,CHENGALPATTU,Tamil Nadu,603104,12.605873230958187,80.18840752883634
Royal Wood Premier,660 2nd Main Road A K Colony,DOMLUR,Bangalore Urban,BENGALURU,Karnataka,560071,12.958488150670963,77.64053735586556
Le Grace Residency,"No.7/41-3, Laws Ghat Road",SRINIVASAPURAM,Kodaikanal,DINDIGUL,Tamil Nadu,603112,12.787840627237268,80.24950481349245
" Space Rock Resort","Santhi Nagar, Quarry Valavu,",KALPETTA,Wayanad,WAYANAD,Kerala,673577,11.59322599299142,76.09646173806485
Amrith Palace,"No 59/12C,Salavan Kuppam",PATTIPULAM,Chennai,CHENNAI,Tamil Nadu,603104,12.659375920933119,80.20674568231966
Hotel Paramos Meeds,"No. 1/1, 1st Main Rd, 1st Cross Road, Madiwala",MADIWALA,Bangalore,BENGALURU,Karnataka,560068,12.925336,77.617210
Isha Inn Luxury Rooms,12th Ln ,ARUNDELPET,Guntur,GUNTUR,Andhra Pradesh,522002,16.305296833250395,80.43761114285108
Meridian Villa,"Meridian Villa, East coast road",NEMELLI,Chennai,CHENNAI,Tamil Nadu,603104,12.71571454699548,80.22369554232819
Hummingbird By Brown Tree Ressorts,"Kilhatty Street,Kanuvatty Road",KONAKARAI,Kotagiri,NILGIRIS (OOTY),Tamil Nadu,643217,11.409150395449496,76.89303190687403
JVH Hotel,Jyothi Nagar,MYSORE ROAD,Bangalore,BENGALURU,Karnataka,560039,12.952975105379172,77.53093980241552
Empire Anand Villa,Empire Anand Villa Samudra,KOVALAM,Chennai,CHENNAI,Tamil Nadu,603112,12.783513833460924,80.2528854996688
Skyry Residency,"33, Rajiv Gandhi St, Moovendhar Nagar, Balaji Avenue",IYYAPPANTHANGAL,Chennai,CHENNAI,Tamil Nadu,600056,13.043867822253116,80.13748244232764
Ishaa Sea Villa 2BHK,Sea La Vie,KOVALAM,Chennai,CHENNAI,Tamil Nadu,603112,12.787680505842864,80.25381335726708
Chill Vill Beach House,"Olive sands, Plot 32B-33A, ECR, Old Vandipalayam",UTHANDI,Chennai,CHENNAI,Tamil Nadu,600119,12.85959699547958,80.246982706618
Ivory Villa,Villa Rd,KOVALAM,Chennai,CHENNAI,Tamil Nadu,603112,12.753204316043492,80.23888113556136
Grand Continent Hotel,"H.NO.5-3/9P/15P, Sai Tulasi Enclave-1 Vattinagula",GACHIBOWLI,Hyderabad,RANGAREDDY,Telangana,500032,17.427022854936347,78.32962698650904
Le Grace SS Colony,"Plot No, 2, Ram Nagar Rd, 5th Street",KALAVASAL,Madurai,Madurai,Tamil Nadu,625016,9.919790311575346,78.09419989548356
RK Residency,"RK Residency, Plot 1",ERANHIPAALAM,Kozhikode,KOZHIKODE,Kerala,673006,11.278660911789018,75.78454552052538
Krishna Exotica 4bhk,"Block No. A4, Dona Terezinha hotel",GAVRAWADA,Calangute,GOA,Goa,403516,15.535161869092052,73.7645882441809
Emirates Beach Villa,"House,No 12, Azure Aquamarine, SH 49",NEMELLI,Chennai,CHENNAI,Tamil Nadu,603104,12.69030460063548,80.22007954639336
S S Residency,"No 4 & 5, Nemili Rd, Sri Ram Nagar",SRIPERUMBUDUR,Chennai,KANCHIPURAM,Tamil Nadu,602105,12.98140764588039,79.95516680674653
The Landmark Villa,The Landmark Villa,VADANEMELLI,Chennai,CHENNAI,Tamil Nadu,603104,12.74163134098669,80.23170865385268
Sri Vishnu Residency,"No 34 & 35,Chellaperumal Nagar, Nemili Road",SRIPERUMBUDUR,Kanchipuram,KANCHIPURAM,Tamil Nadu,602105,12.977968393103263,79.95746434367454
Hotel Royal Residence,"3rd, 107/A 22nd Cross,HSR Club Road",HSR LAYOUT,Bangalore,BENGALURU,Karnataka,560102,12.908172331529885," 77.64367801349245"
Kal Residency ,"No.3/340,Market road ",KELAMBAKKAM,Kanchipuram,KANCHIPURAM,Tamil Nadu,603103,12.786002619794715,80.21881400000001
Hotel Hill Park,"Rama Talkies Rd, CBM Compound",DWARAKA NAGAR,Visakhapatnam,VISAKHAPATNAM,Andhra Pradesh,530016,17.728737099999996,83.31219947116415
Kota hotel,"Ward 83, 293, Raja Street, Uppukinar Lane, South",RAJA STREET TOWN HALL,Coimbatore,COIMBATORE,Tamil Nadu,641001,10.994182125591733,76.95648666441782
Platinum Arrow Hub,"Om Serman Towers No.1023, 5A, Bangalore Trunk Road",SRIPERUMBUDUR,Chennai,KANCHIPURAM,Tamil Nadu,602105,12.97176762752228,79.95209859325347
Ayyans Residency,"No 1, KTV Nagar, Old Mahabalipuram Road, Siruseri",KELAMBAKKAM,Chengalpattu,CHENGALPATTU,Tamil Nadu,603103,12.78986665659531,80.22369342883619
Sagar Home Stay,"No.66, Alagarasan Nagar, Nagai Rd",CHOLAN NAGAR,Thanjavur,THANJAVUR,Tamil Nadu,613001,10.777223282608087,79.16224330000001
Oxygen Rain Forest ,Oxygen Rain Forest  ,IDUKKI,Idukki,IDUKKI,Kerala,685606,9.978796420007729,76.86148280912673
Premier Suites Business Hotel,"1st Cross Road, BEML Layout 6th Stage, Brookefield",BROOKEFIELD,Bangalore,BENGALURU,Karnataka,560066,12.960260893805016,77.71711438835902
Zephyr Villa,"Zephyr Villa, Kovalam Road",VADANEMELLI,Chennai,CHENNAI,Tamil Nadu,603104,12.713028237254266,80.22298636107003
Arihanth Inn,"166, M P Sarathy nagar",KAGGITHAPATTRAI,Vellore,VELLORE,Tamil Nadu,632012,12.93477800372575,79.14745226256832
GVR Prime Hotel,"54-1-16, Vasavi Nagar",AUTONAGAR,Guntur,GUNTUR,Andhra Pradesh,522001,16.315726943303652,80.47302732967047
Krishna Exotica 3bhk,"Block No. A4, Dona Terezinha hotel, ",GAVRAWADA,Calangute,GOA,Goa,403516,15.535161869092052,73.7645882441809
Bon Stay Inn,"No:13, Thottakkal Main Rd, JVS Nagar ",ORLEANPET,Pondicherry,PUDUCHERRY,Puducherry,605003,11.927035940262638,79.81507824232874
Grand Continent Hotel,"53, Srinagar Colony Main Rd, Sagar Society",AURORA COLONY,Hyderabad,HYDERABAD,Telangana,500073,17.428926843588847,78.43883621349094
Moon Shine Cottage,"No:799/70-70A, Heaven Hill Campus",WOOD COCK ROAD,Ooty,NILGIRIS (OOTY),Tamil Nadu,643001,11.40970729518568,76.68704185833924
Lavish Homestay 1,"Lavish Stay 1,No.61, Bharathi Nagar",KOTTAKUPPAM,Pondicherry,PUDUCHERRY,Puducherry,605104,11.968360166352372,79.84019483437004
GM Grand,Periyakulam Road,ANNANJIVILAKKU,Theni,THENI,Tamil Nadu,625531,10.044200173339584,77.4966501285761
Beach And Breeze Villa,"Nemmeli, Dark House Road, ECR",MAHABALIPURAM,Chennai,CHENGALPATTU,Tamil Nadu,603104,12.71907609368284,80.22877878147094
Hotel Manoshanthi,Dr. Dada Vaidya road,ALTINHO,Panaji,GOA,Goa,403001,15.495315608011323,73.82441551534471
JVH Hotel,"289, Domlur 1 stage",AMARJYOTHI LAYOUT,Bangalore,BENGALURU,Karnataka,560071,12.956124010868209,77.64098560757655
Mount City Park,"No- 31,1st Cross Rd,1st Stage, BTM Layout",ZUZUVADI,Bangalore,BENGALURU,Karnataka,560068,12.927176682251105,77.61621943068596
Suraksha Inn," 475, Shri Krishna Temple Rd, Indira Nagar 1st Stage, Stage 1, Indiranagar, Bengaluru, Karnataka 560038",INDIRANAGAR,Bangalore,BENGALURU,Karnataka,560038,12.979121313772856,77.64203055952262
Thirumal Residency,"New Busstand, vasanth Nagar",TIRUNALVELI,Tirunelveli,TIRUNELVELI,Tamil Nadu,627005,8.700710926243032,77.72714762883618
Sivashankaran homes,"S.F.No. 56/1A, Sri Mahan Seshadhri Nagar ",KOSALAI,Tiruvannamalai,TIRUVANNAMALAI,Tamil Nadu,606604,12.258125379035597,79.05420336441783
Maaya Farm Stay,Kalkundu karadu,ALLINAGARAM,Theni,THENI,Tamil Nadu,625531,10.031809637022613,77.45005167155011
Le Grace Inn (Iyyer Bungalow),"687,Baharath Nagar",NATHAM RD,Madurai,MADURAI,Tamil Nadu,625014,9.971576842428647,78.13924465196439
Le Grace Residency,"3, Covelong",TIRUPORUR,Chennai,CHENNAI,Tamil Nadu,603112,12.787737993692941,80.2495301881762
TKP Palani Parvathiyammal Lodge,"No: 4/3,Gandhi Road",STUARTPET,Arakkonam,RANIPET,Tamil Nadu,631001,13.087037525446767,79.66306329999998
Green Tree Hotel,"No 538-536, Anna Salai",TEYNAMPET,Chennai,CHENNAI,Tamil Nadu,600018,13.042277933220848," 80.24732777301507"
Hotel Jubilant stays ,"Plot No. 47, 48, Rammurthy Nagar main road ",RAMAMURTHY NAGAR,Bangalore,BENGALURU,Karnataka,560016,13.014366125443651,77.66768888465492
Skyry Hotels Adyar,"72, Damodharapuram Main Rd",ADYAR,Chennai,CHENNAI,Tamil Nadu,600020,13.00125102493124,80.26283618131262
Hotel Wood Stone,"No 786,Dooravani Nagar",TIN FACTORY,Bangalore,BENGALURU,Karnataka,560016,12.998433198776493,77.67122995767254
Curlie's Green House,"St. Micheal Monteiro Vaddo, ",ANJUNA,VAGATOR,GOA,Goa,403509,15.572246367802522,73.74646827116382
Visthara Inn,NH 44,DHIVIYAM SQUARE,Sundagiri,KRISHNAGIRI,Tamil Nadu,635117,12.646436039929313,78.04660453558216
Hotel Tricolors,127 Rajaji road ram nagar,GANDHIPURAM,Coimbatore,COIMBATORE,Tamil Nadu,641009,11.016694758922212,76.9631809779109
R.Ve.R Residency,"No 22, Karpagam Nagar",LAKSHMI NAGAR,Thanjavur,THANJAVUR,Tamil Nadu,613005,10.747044280154398,79.11360868650881
Hotel Maruthi,"144a, Saravanakumar, Subramaniam Rd, Gandhi Park, R.s Puram Venkata Krisnan, Road",R.S. PURAM,Coimbatore,COIMBATORE,Tamil Nadu,641002,11.002974702584497,76.95001503558218
M.G.R Park Inn,"NO.3 KAVERI STREET HIGHWAY NAGAR, COLLECTOR OFFICE OPPOSITE,",VILLUPURAM,Villupuram,VILUPPURAM,Tamil Nadu,605602,11.932876918428896,79.48499509325427
Grand Continent Hotel,DPS Road,SHOBHAGPURA,Udaipur,UDAIPUR,Rajasthan,313001,24.60677574057251,73.71587302883634
Green Park," 391,15th St, Phase 1, Phase 2",SATHUVACHARI,Sathuvachari,VELLORE,Tamil Nadu,632009,12.93292357689975,79.14435508650755
S. S. Residency,"#10-2-12, 80 FEET Rd, Near By Main Road",GAJUWAKA,Visakhapatnam,VISAKHAPATNAM,Andhra Pradesh,530026,17.6846072647064,83.20477697016716
Grand Continent Hotel,"F949+GHW, Laxmi Cyber City Ln, Laxmi Cyber City",KONDAPUR,Hyderabad,HYDERABAD,Telangana,500084,17.456606546464226,78.36894734232729
Abode By Brown Tree Ressorts,"14F,Arni House Road",KIL KODAPPAMUND,Ooty,NILGIRIS (OOTY),Tamil Nadu,643002,11.416490732831047,76.71897117507474
GVR Guest Rooms,"17/1, 1st Cross Rd",ARUNDELPET,Guntur,GUNTUR,Andhra Pradesh,522002,16.307743254480883,80.43789502265099
Hotel Vinayak Suites,"60, Geetha Hall Rd",GOPALAPURAM,Coimbatore,COIMBATORE,Tamil Nadu,641048,10.998005908929683,76.97025325185223
Stay Square Inn Express,"No.42, 19 1st Main Rd",EKKATUTHANGAL,Chennai,CHENNAI,Tamil Nadu,600032,13.025359620819641,80.20514747116383
East Coast Villa,"S12, GVS Homes",VADANEMELLI,Chennai,CHENNAI,Tamil Nadu,603104,12.71509332163719,80.2184941423282
Hotel Manvins Inn,"Municipal Gardens, Church Square Panjim Goa",ALTINHO,Panaji,GOA,Goa,403001,15.499520919914502 ,73.82881687117735
Hotel Gvr Residency,"D.no 6, 9/2, 21-22, 2nd Cross",ARUNDELPET,Guntur,GUNTUR,Andhra Pradesh,522002,16.304591573677808,80.43940548937603
Online Suites,"No.3, 2nd Cross Rd, opp KIADB Quarters",BOMMASANDRA,Bangalore,BENGALURU,Karnataka,560099,12.813963717081968,77.6895231846586
Mayura Galaxy Inn,"Ramaiah Devar inn, Nehruji Salai",SEMBANARKOIL,Mayiladuthurai,MAYILADUTHURAI,Tamil Nadu,609309,11.105444295840245," 79.73783542193308"
Hotel Virat Inn,"767/E, Kudlu Gate, AECS Layout",SINGASANDRA,Bangalore,BENGALURU,Karnataka,560114,12.879785925298242,77.64403351534256
Vedanthangal 3BHK Villa,No.1,KELAMBAKKAM,Chengalpattu,CHENGALPATTU,Tamil Nadu,603103,12.784646444275557,80.2315880576385
Grand Ocean Beach Resort,"No:5,10th Avenue",PANAIYUR,Chennai,CHENNAI,Tamil Nadu,600119,12.881909669697535,80.2471952707521
Fatboy Villa 5BHK,"157/7,Eden Garden ,MGR Salai",UTHANDI,Chennai,CHENNAI,Tamil Nadu,600119,12.865142879524756,80.2399965576718
Hotel Sumi Palace,"MIG 498, New Housing Unit",KURINJI NAGAR,Thanjavur,THANJAVUR,Tamil Nadu,613005,10.750038887991913,79.11442411063727
GT Chamiers Park,"New No.112, Old No 54, Chamiers Road",NANDANAM,Chennai,CHENNAI,Tamil Nadu,600035,13.029419899780889,80.24559993068678
The KG Meridian ,"14, Nettapulli north st, Ambasamudram",AMBASAMUDRAM,Tirunelveli,TIRUNELVELI,Tamil Nadu,627401,8.704084421094153,77.45136624417924
Ramachandraa Residency,"72, BTC Rd, Sripuram",SAIDAPET,Vellore,VELLORE,Tamil Nadu,632012,12.923662100194903,79.14152276692273
Amrita Inn,"No.18, Jawaharlal Nehru Salai",ARUMBAKKAM,Chennai,CHENNAI,Tamil Nadu,600106,13.065074429993272," 80.2114783711638"
Blue Diamond 4BHK Villa,1st Main road,UTHANDI,Chennai,CHENNAI,Tamil Nadu,600119,12.872600145254891,80.24945944541011
Bhimas Residency,"#31-16-9/1A, Road No.1",SATHAVAHANA NAGAR,Kurmannanpalem,VISAKHAPATNAM,Andhra Pradesh,530046,17.68952411077291,83.1659160644174
Hotel Jetway Inn,"No. 06,Sri Durga Aero Vista Layout,Muthugadahalli Village,Jala Hobli,  North Taluk, yelahanka Taluk, banglore north",MUTHUGADAHALLI,Bangalore,BENGALURU,Karnataka,562149,13.181072841504564," 77.67596336692718"
Wayanad Blossom Valley,"Blossom valley, TH Nagar",KALPETTA,Wayanad,WAYANAD,Kerala,673122,11.625555108921768,76.09052440651554
BV Colours,"Begur Rd, Patel Layout, Vishwapriya Nagar",BEGUR,Bangalore,BENGALURU,Karnataka,560114,12.885357802716342,77.62541614232872
Hotel Lotus,"96, Nathan Square",WEST PERUMAL MAISTRY STREET,Madurai,MADURAI,Tamil Nadu,625001,9.919740568870063,78.11252189999999
Manan Paradise ," #40, MCECHA Layout",RK HEGDE NAGAR,Bangalore,BENGALURU,Karnataka,560077,13.06864129375759,77.62830177116373
" Sea Rock Quality Inn and Resorts","11-9-4, plot no. 95, Sea Rock Building, Oota Gadda Rd, Daspalla Hills",PANDURANGAPURAM,Visakhapatnam,VISAKHAPATNAM,Andhra Pradesh,530016,17.715343497584485,83.31487992146388
GT Grande Hotel,"No. 30, 2nd Street, N Boag Rd",T.NAGAR,Chennai,CHENNAI,Tamil Nadu,600017,13.046523037955422,80.24649994417923
Abhis Cottage Yelagiri,Mangala Koot Road,ATHANAVOOR,Yelagiri,TIRUPATHUR,Tamil Nadu,635853,12.581999859953958,78.64950641111275
JJ Residency,"No:3,2nd street",PALLAVARAM,CHENNAI,CHENNAI,Tamil Nadu,600043,12.963894395788603,80.16347150643438
Regenta Inn,"73,1st A Cross Rd, near Maharaja Signal",KORAMANGALA,Bangalore,BENGALURU,Karnataka,560047,12.934828273497109,77.63035041349094
Play N Stay,"Villa No C69, Ocean Drive Villas, Sulerikadu",VADANEMELLI,Chennai,CHENNAI,Tamil Nadu,603104,12.716874546419755,80.21892012147646
Hotel Elite Park Inn,"2, 10-7, Pattabhipuram Rd",STAMBALAGARUVU,Guntur,GUNTUR,Andhra Pradesh,522006,16.313037787636127,80.41415306441816
JK Beach House,"No.315, 10th Avenue",PANAIYUR,Chennai,CHENNAI,Tamil Nadu,600119,12.881653563910968,80.25070073615225
Star Stay Inn,"NH 4, Poonamallee",CHEMBARAMBAKKAM,Chennai,TIRUVALLUR,Tamil Nadu,600123,13.03702929222131,80.04827964232875
Malpans Mansion,"TRA 37, Thenkulam Road, Mekkad P O",ANGAMALY,Ernakulam,ERNAKULAM,Kerala,683589,10.169374114145574,76.36906139386349
SS Silver Oaks Resort,"Plot No-49,3rd Cross",BERRY GARDEN,Yercaud,SALEM,Tamil Nadu,636601,11.775066013001076,78.22520148685184
L.R.R Towers,"36F-1,Palani Road",AYYANKULAM,Dindigul,DINDIGUL,Tamil Nadu,624001,10.366264307431502,77.96262608650754
Sunshine Guest house,Sunshine Guest House,ARAMBOL,Girkarwada,GOA,Goa,403524,15.681204416282696,73.7072889660185
Grand Continent Hotel,"House no 1702 , survey 262/2, Gumal Vaddo",ANJUNA,North Goa,GOA,Goa,403509,15.588374643314516,73.7460242
Vintage Bay Villa,"No.45, 1st Avenue, Seashore Town",PANAIYUR,Chennai,CHENNAI,Tamil Nadu,600119,12.886652205083037,80.24703477640323
Hotel MV Fortune Inn," 18-7-480",SAI BABA ROAD,Guntur,GUNTUR,Andhra Pradesh,522007,16.31512118440066,80.42836953128189
Laguna Villa,"392, 11th Ave",PANAIYUR,Chennai,CHENNAI,Tamil Nadu,600119,12.880734913984282,80.24903235582183
Upstay Villa,"No.75, GVS Homes, East Coast Rd",PERUR,Chennai,CHENGALPATTU,Tamil Nadu,603104,12.71496950148381,80.22001980278283
Skyry Hotels Gandhipuram,"Plot No.253, Sastri Rd,  Ram Nagar, Gandhipuram, Coimbatore, Tamil Nadu",GANDHIPURAM,Coimbatore,COIMBATORE,Tamil Nadu,641018,11.014989414047367,76.96726275767236
Coral Cove Beach Resort,"North Cliff,Indian Artville road",KERALA,Varkala,THIRUVANANTHAPURAM,Kerala,695141,8.740965923566558,76.70258891501756
Tulip Inn,"9,100 Feet Rd, Ashwini Layout",KORAMANGALA,Bangalore,BENGALURU,Karnataka,560047,12.938900200355999,77.62992164232729
Villa 85,Villa 85,VADANEMELLI,Chennai,CHENNAI,Tamil Nadu,603104,12.714977925167133,80.2185301121443
Beach Mannor,"Star Ave, Uthandi, Reddykuppam",KANATHUR,Chennai,CHENNAI,Tamil Nadu,600119,12.865723123068355,80.24646462635724
Foxoso Vega Suite,Sernabatim Colva Road,SERNABATIM,South Goa,GOA,Goa,403708,15.273503933239883,73.92386310799296
White Heaven Beach Resort,7th Avenue,PANAIYUR,Chennai,CHENNAI,Tamil Nadu,600119,12.883186019491701,80.24832574049232
Hotel Galaxy Park,Nehru Outer Ring Road,SHAMSHABAD,Hyderabad,HYDERABAD,Telangana,501218,17.256179700766474,78.3779450857232
Green Castle Resorts,"SH 120, Kannur Main Road",KANNUR VILLAGE,Thiruvallur,KANCHIPURAM,Tamil Nadu,602108,12.98290162064605,79.8440072644085
Icon Beach Resort,"Kanathur, ECR",REDDYKUPPAM,Chennai,CHENNAI,Tamil Nadu,603112,12.846581003703497,80.24506616495177
A R DAFFODIL INN,"A R, 3rd Main Road",MYLASANDRA,Bangalore,BENGALURU,Karnataka,560059,12.917085947566548,77.50019284418133
Sun Shine Hotel,"No 6/1 Sunshine Hotel, Lakshmi road 5th cross",MAHATMA GANDHI ROAD,Bangalore Urban,BENGALURU,Karnataka,560027,12.961293404007725,77.59860152883635
Suncity premiere,"plot A-1 Seepz++ sez, MIDC Central Rd",ANDHERI,Mumbai,MUMBAI,Maharashtra,400096,19.128655224333674,72.8778467846546
Maxxi Villa,"110/42, 4th cross street",PONNIAMANMEDU,Chennai,CHENNAI,Tamil Nadu,600110,13.059942000937832,80.18895305767268
Sri Raghavendra Lodge,"4-131/1, Dream Land Colony",FAROOQ NAGAR,Hyderabad,HYDERABAD,Telangana,509216,17.05694151729919,78.20412264917981
Hotel Partha Residency,"No.14, Above KFC, Devasandra Main Road",KRISHNARAJAPURAM,Bangalore,BENGALURU,Karnataka,560036,13.004697753760954,77.71164496930987
Mayuri Residency Hotel - The Premier Hotel ,"No 35/7, Nagaraj Building, Hosur Road",YADAVANAHALLI,Bangalore,BENGALURU,Karnataka,562107,12.786786724004568,77.74860611534505
Hotel Ambika,"1/11,Southcar Street",V.O.C NAGAR,Rameswaram,RAMANATHAPURAM,Tamil Nadu,623526,9.287034699754583,79.31834122883618
Paradise Eden Villa,"No. 73, Pallavan street",ARIYANKUPPAM,Pondicherry,PUDUCHERRY,Puducherry,605007,11.887559721806113,79.8021983153436
R&B Villa,"No.17, Royal Majestic Compound, East Coast Rd",VADANEMMELI,Chennai,CHENNAI,Tamil Nadu,603104,12.711972040295933,80.21666952204538
Budha Beach Resort,"No.10, Downing Street",MUTTUKADU,Chennai,CHENNAI,Tamil Nadu,603112,12.833740691224168,80.2477412711638
Foxoso Luxury Camps Jaisalmer,Sam jaisalmer road,SALKHA,Jaisalmer,JAISALMER,Rajasthan,345001,26.897349515925036,70.59914601349095
House of Pearl,"SH 49, 2nd Ave",J NAGAR,Chennai,CHENNAI,Tamil Nadu,600119,12.88590764715956,80.24845239993815
Challas VA Mansion,"Plot 439, Road 45, Gopanpalle",GACHIBOWLI,Hyderabad,HYDERABAD,Telangana,500032,17.432359162407415,78.31147080888732
Lush Garden Resort 1,Panchayat road,THIRUVIDANTHAI,Chennai,KANCHIPURAM,Tamil Nadu,603112,12.775544246047946,80.24455687054541
Grand Continent Hotel,"3rd Main Rd, Chanukya Layout",NAGAVARA,Bangalore,BENGALURU,Karnataka,560045,13.041017464407144,77.62002084232729
Hotel Royal Stay,"67, 1st Main Road Garudachar Palya, Mahadevapura",KRISHNARAJAPURAM,Bangalore Urban,BENGALURU,Karnataka,560066,12.995053,77.697133
Foxoso Misty Oaks,Shyamket Road,SHYAMKET ROAD,Bhowali,NAINITAL,Uttarakhand,263132,29.38542134953842,79.5289484
Casanova Beach house,"No 7 Panaiyur, 2nd Ave",J NAGAR,Chennai,CHENNAI,Tamil Nadu,600119,12.886132500168646,80.24823432591377
Challas Saagi Mansion,"Indra Nagar, Madhava Reddy Colony",GACHIBOWLI,Hyderabad,HYDERABAD,Telangana,500032,17.437554605256686,78.3559653
Lush Garden Resort 4,Panchayat road,THIRUVIDANTHAI,Chennai,KANCHIPURAM,Tamil Nadu,603112,12.775544246047946,80.24455687054541
Lush Garden Resort 3,Panchayat road,THIRUVIDANTHAI,Chennai,KANCHIPURAM,Tamil Nadu,603112,12.775544246047946,80.24455687054541
Lush Garden Resort 2,Panchayat road,THIRUVIDANTHAI,Chennai,KANCHIPURAM,Tamil Nadu,603112,12.775544246047946,80.24455687054541
Nova Beach House 2BHK,"Kove Beach Villa,Padavattaman Kovil street",KOVALAM,Chennai,CHENNAI,Tamil Nadu,603112,12.792286183048963,80.25010636440132
Foxoso Sonnet,Panchayat road,ANJUNA,North Goa,GOA,Goa,403509,15.592862548495297,73.75156802883635
Villa Ruk,"No: A4&A5, Krishna Avenue",VEERAMPATTINAM,Pondicherry,PUDUCHERRY,Puducherry,605007,11.899850568890564,79.82255344418013
Era Nest,"NO: 4&5,Valluvar Salai",RAMAPURAM,Chennai,CHENNAI,Tamil Nadu,600089,13.031469416492119,80.18398087292536
Nova Beach House 2BHK,"2/154,ECR Main road",UTHANDI,Chennai,CHENNAI,Tamil Nadu,600119,12.863701825290054,80.24007073479542
Foxoso Vega Colva,"Madel, Sernabatim Colva Road",SEMABATIM,South Goa,GOA,Goa,403708,15.273709171245544,73.92442682883635
Grand Continent Hotel,Ramasamy Street Dhandapani Street,T.NAGAR,Chennai,CHENNAI,Tamil Nadu,600017,13.037556033086428,80.23403014232731
Grand Continent Hotel,"House no 1702 , survey 262/2, Gumal Vaddo",ANJUNA,North Goa,GOA,Goa,403509,15.588374643314516,73.7460242
Green Palace Inn,21/21,T.NAGAR,Chennai,CHENNAI,Tamil Nadu,600017,13.042681595342593,80.23363708811453
Foxoso Hotel Delhi Airport,"10 A, near Vishal Mega Mart, L block",MAHILAPUR,Delhi,NEW DELHI,Delhi,110037,28.546373603206053,77.12389462883635
Hotel Sai Prakash,5-4-427/434,NAMPALLY,Hyderabad,HYDERABAD,Telangana,500001,17.390664378329923,78.47082495682731
Green Palace Inn 3BHK,"NO:31,Allieds Prithvi Castle Crescent Road",T.NAGAR,Chennai,CHENNAI,Tamil Nadu,600017,13.04492494052523,80.24201339573293
Kishore Beach House 3BHK,Kishore Beach House,KANATHUR,Chennai,CHENNAI,Tamil Nadu,603305,12.40803701684198,80.11334139999998
Hotel Surguru,"104, Sardar Vallabbhai Patel Salai",THIRUVALLUVAR NAGAR,Pondicherry,PUDUCHERRY,Puducherry,605001,11.94227334494118,79.82982667116437
Royal Experiences Grand,"3/59, VGP 3rd Main Rd",UTHANDI,Chennai,CHENNAI,Tamil Nadu,600119,12.86773838461032,80.24873882553706
The Grand Krishna Rooms,"77, Hosur Road, Near to Ayyappa Temple",MADIWALA,Bangalore Urban,BENGALURU,Karnataka,560068,12.923373,77.618747
Hotel Vetrivel International By Brown Tree Resorts,"3/7-A, Convent road",KODAIKANAL,Kodaikanal,DINDIGUL,Tamil Nadu,624101,10.240287852192123,77.48621601154144
Maison Sakee,"No.9, Jeevanandham Street",MAHATMA GANDHI ROAD,Pondicherry,PUDUCHERRY,Puducherry,605001,11.928000792272229,79.82718260000001
Pyolliv stays,"No: 56, Ramamoorthi Ave Main Rd, Sakthinagar",PORUR,Chennai,CHENNAI,Tamil Nadu,600116,13.029662894358902,80.1630553
Sai Alaukik Hotels,"BayJabai Kote Marg, Survey Number  5/24",NEW PIMPALWADI ROAD,Shirdi,AHMED NAGAR,Maharashtra,423109,19.76845117607885,74.4796782
Regenta Inn Grand,"No:3, 80 Feet Rd, near 91 Spring Board",KORAMANGALA,Bangalore,BENGALURU,Karnataka,560095,12.943603040274938,77.62141601349096
Laf stays,"No: 56, Ramamoorthi Ave Main Rd, Sakthinagar ",PORUR,Chennai,CHENNAI,Tamil Nadu,600116,13.029662894358902,80.1630553
Hotel Amulya Relax Inn,"Bagalur Main road, Dwaraka Nagar",DWARAKA NAGAR,Bangalore,BENGALURU,Karnataka,560064,13.121639860184121,77.61835544232747
Apex Inn Manyata,"Mestry Palya, Rachenahalli Rd",KEMPANNAHALLI,Bangalore,BENGALURU,Karnataka,560077,13.06109100771272,77.61895405767254
Hotel Chandana Deluxe,"77/8, Konappana Agrahara",ELECTRONIC CITY,Bangalore,BENGALURU,Karnataka,560100,12.852383100000008,77.66663170674622
Metro Stays,"Sankhla Complex, Dodda Banaswadi Main Road",BANASWADI,Bangalore,BENGALURU,Karnataka,560033,13.009248728787778,77.64259141349119
D M Residency,"410, Jalahalli, Rajarajeshwari Nagar",JALAHALLI,Bangalore,BENGALURU,Karnataka,560013,13.04380532635328,77.5526496865088
Spruce Hotels," No 281, PNC Aspire, 7th Main Road, IBLUR",BELLANDUR,Bangalore,BENGALURU,Karnataka,560103,12.926041466384051,77.66667036840619
Dhruvin Residency,"S186, Santhosapuram, 6th Sector",HSR LAYOUT,Bangalore,BENGALURU,Karnataka,560102,12.918533847167481,77.6241552441809
R R Comforts,"9th Cross Rd, Rajarajeshwari nagar",NELAMANGALA,Bangalore,BENGALURU,Karnataka,560098,12.906986779789023,77.51215628042041
Seven Olives Hotel,"57/58, Popular Colony, 7th Sector",HSR LAYOUT,Bangalore,BENGALURU,Karnataka,560068,12.906054,77.632198
De Royale Sapphire Suites,"13, Whitefield Main Rd, Maheswari Nagar",MAHADEVAPURA,Bangalore,BENGALURU,Karnataka,560048,12.996388723342328,77.69126471534359
BLR Pods,"No 2, 4th Floor, 1, ITPL Main Rd, AECS Layout",BROOKEFIELD,Bangalore,BENGALURU,Karnataka,560037,12.962790847097963,77.7167815576718
Hotel Diamond Palace,"61, 2nd cross St, Zuzuvadi, 1st Stage, BTM Layout",MADIWALA,Bangalore,BENGALURU,Karnataka,560068,12.926131,77.616300
Sry Comfort Residence,"0130-2A, Lane Road, Ramegowda Colony",CHANNASANDRA,Bangalore,BENGALURU,Karnataka,560067,12.985290426500203,77.76621767116366
Hotel GS Suites,"15,1st cross,Tavarekere Main Road",KORAMANGALA,Bangalore Urban,BENGALURU,Karnataka,560030,12.933861,77.610070
The Royal Suites,"#28/143,8th main, 1st 'A' cross",BTM LAYOUT,Bangalore,BENGALURU,Karnataka,560029,12.917358604635552,77.60290937116409
